{"cameraMode":{"drawMode":0,"name":"Shaded","section":"Shading Mode"},"sceneLighting":false,"audioPlay":false,"sceneViewState":{"showFog":true,"showMaterialUpdate":false,"showSkybox":false,"showFlares":true,"showImageEffects":true,"showParticleSystems":true},"in2DMode":false,"pivot":{"x":-0.2597684860229492,"y":10.094745635986329,"z":1.0090233087539673},"rotation":{"x":-0.04739951714873314,"y":0.19118790328502656,"z":-0.009240467101335526,"w":-0.980375349521637},"size":1.8452343940734864,"orthographic":false}