{"cameraMode":{"drawMode":0,"name":"Shaded","section":"Shading Mode"},"sceneLighting":true,"audioPlay":false,"sceneViewState":{"showFog":true,"showMaterialUpdate":false,"showSkybox":true,"showFlares":true,"showImageEffects":true,"showParticleSystems":true},"in2DMode":false,"pivot":{"x":9.284393310546875,"y":13.712095260620118,"z":-7.700263977050781},"rotation":{"x":-0.21908627450466157,"y":0.35247567296028139,"z":-0.08525235205888748,"w":-0.9058127403259277},"size":149.86341857910157,"orthographic":false}