{"cameraMode":{"drawMode":0,"name":"Shaded","section":"Shading Mode"},"sceneLighting":false,"audioPlay":false,"sceneViewState":{"showFog":true,"showMaterialUpdate":false,"showSkybox":false,"showFlares":true,"showImageEffects":true,"showParticleSystems":true},"in2DMode":false,"pivot":{"x":71.22410583496094,"y":32.82746887207031,"z":-67.94700622558594},"rotation":{"x":0.04904744401574135,"y":0.8024415969848633,"z":-0.0666058138012886,"w":0.5909939408302307},"size":0.7578839659690857,"orthographic":false}